{"Shard loss": 1.209746210457457, "_timestamp": 1719261135.8544836, "_runtime": 1951.3277485370636, "_step": 5, "Epoch loss": 1.9529264495255014, "Learning rate": 0.001}