{"Epoch loss": 201.6768341064453, "Validation Loss": 5.04235685133672, "Learning rate": 0.001, "_timestamp": 1720107418.7166674, "_runtime": 6584.530893325806, "_step": 0}