{"Shard loss": 1.6140888405892686, "_timestamp": 1719265240.1236038, "_runtime": 1452.2093389034271, "_step": 4, "Epoch loss": 2.0803682187104435, "Validation Loss": 0.0, "Learning rate": 0.001}