{"Shard loss": 0.1711938821399731, "_timestamp": 1719326528.424289, "_runtime": 11112.06430387497, "_step": 34, "Epoch loss": 0.187793222970225, "Validation Loss": 411.16937474068254, "Learning rate": 0.001, "_wandb": {"runtime": 11111}}