{"Epoch loss": 1.0476430654525757, "Validation Loss": 2.997058391571045, "Learning rate": 0.00025, "_timestamp": 1720549823.7204797, "_runtime": 6667.352468729019, "_step": 0, "_wandb": {"runtime": 6668}}