{"Epoch loss": 10.452634811401367, "Validation Loss": 6.565732796113569, "Learning rate": 0.001, "_timestamp": 1720100064.3989332, "_runtime": 2425.663851261139, "_step": 3}