{"Epoch loss": 64.23580932617188, "Validation Loss": 5.693940803244874, "Learning rate": 0.001, "_timestamp": 1720097229.197564, "_runtime": 632.5429039001465, "_step": 0}