{"Shard loss": 0.09059702782476599, "_timestamp": 1718719407.7230506, "_runtime": 53524.846769571304, "_step": 171, "Epoch loss": 0.12362238097752998, "Learning rate": 0.0001}