{"Epoch loss": NaN, "Validation Loss": NaN, "Learning rate": 1e-05, "_timestamp": 1720352212.0260851, "_runtime": 241590.50029921532, "_step": 36}